Anonymous Portugal,https://portal-digitalshadows.com/search/actor/40
Anti-NSA,https://portal-digitalshadows.com/search/actor/52
Anonymous Tunisia,https://portal-digitalshadows.com/search/actor/48
ASOR Hack Team,https://portal-digitalshadows.com/search/actor/1620
AntiSec International,https://portal-digitalshadows.com/search/actor/512
Anonymous Spain,https://portal-digitalshadows.com/search/actor/44
Indonesian Cyber Army,https://portal-digitalshadows.com/search/actor/84
Anonymous Korea,https://portal-digitalshadows.com/search/actor/1868
Anonymous Peru,https://portal-digitalshadows.com/search/actor/1874
Anonymous Arabic,https://portal-digitalshadows.com/search/actor/14
Moroccan Agent Secret,https://portal-digitalshadows.com/search/actor/120
Al-Asefa al-Horria ,https://portal-digitalshadows.com/search/actor/2000
Anonymous Hispano,https://portal-digitalshadows.com/search/actor/26
Anonymous France,https://portal-digitalshadows.com/search/actor/25
Anonymous Colombia,https://portal-digitalshadows.com/search/actor/22
Anonymous Cambodia,https://portal-digitalshadows.com/search/actor/19
Anonymous Indonesia,https://portal-digitalshadows.com/search/actor/29
Anonymous Philippines,https://portal-digitalshadows.com/search/actor/531
Mujahidin Cyber Army,https://portal-digitalshadows.com/search/actor/2236
Anonymous Saudi,https://portal-digitalshadows.com/search/actor/41
APT34,https://portal-digitalshadows.com/search/actor/4175
APT35,https://portal-digitalshadows.com/search/actor/4687
Anonymous Singapore,https://portal-digitalshadows.com/search/actor/42
Anonymous Malaysia,https://portal-digitalshadows.com/search/actor/34
Anonymous Lebanon,https://portal-digitalshadows.com/search/actor/33
Middle East Cyber Army,https://portal-digitalshadows.com/search/actor/1601
Al-Qassam Brigades Electronic,https://portal-digitalshadows.com/search/actor/1599
Yemen Cyber Army,https://portal-digitalshadows.com/search/actor/2036
Ajan,https://portal-digitalshadows.com/search/actor/5
Anonymous Chile,https://portal-digitalshadows.com/search/actor/21
Anonymous Italy,https://portal-digitalshadows.com/search/actor/30
AnonGhost Philippines,https://portal-digitalshadows.com/search/actor/545
Anonymous Afghanistan,https://portal-digitalshadows.com/search/actor/12
Ulven Cyber Army,https://portal-digitalshadows.com/search/actor/1886
Turkish Cyber Army,https://portal-digitalshadows.com/search/actor/4802
APT19,https://portal-digitalshadows.com/search/actor/1991
Anunak/Carbanak Group,https://portal-digitalshadows.com/search/actor/2016
AnonSec,https://portal-digitalshadows.com/search/actor/10
AnonGhost,https://portal-digitalshadows.com/search/actor/8
Antic Solidarity Team,https://portal-digitalshadows.com/search/actor/54
Anonymous Caucasus,https://portal-digitalshadows.com/search/actor/20
Anonymous Cuba,https://portal-digitalshadows.com/search/actor/2010
Anonymous Slovenia,https://portal-digitalshadows.com/search/actor/43
Anonymous Olympia,https://portal-digitalshadows.com/search/actor/38
Andariel Group,https://portal-digitalshadows.com/search/actor/4983
Tunisian Cyber Army,https://portal-digitalshadows.com/search/actor/280
Anonymous Ibero,https://portal-digitalshadows.com/search/actor/27
APT22,https://portal-digitalshadows.com/search/actor/5143
Team Hacking Argentino,https://portal-digitalshadows.com/search/actor/268
Anonymous Mexico,https://portal-digitalshadows.com/search/actor/35
Al-Qassam Cyber Fighters ,https://portal-digitalshadows.com/search/actor/1581
Anonymous Venezuela,https://portal-digitalshadows.com/search/actor/51
Al Qaeda Electronic Army,https://portal-digitalshadows.com/search/actor/6
AgentBlack,https://portal-digitalshadows.com/search/actor/4
AnonMafiaCyberFamily,https://portal-digitalshadows.com/search/actor/1885
Afghan Cyber Army,https://portal-digitalshadows.com/search/actor/2
Monte Melkonian Cyber Army,https://portal-digitalshadows.com/search/actor/1625
Israel Cyber Army,https://portal-digitalshadows.com/search/actor/93
Indonesian Defender Army,https://portal-digitalshadows.com/search/actor/85
Anonian01,https://portal-digitalshadows.com/search/actor/1870
Anonymous Asia,https://portal-digitalshadows.com/search/actor/15
White Hat Attacker Team,https://portal-digitalshadows.com/search/actor/2005
Islamic Cyber Army,https://portal-digitalshadows.com/search/actor/2112
Aslan Neferler Tim,https://portal-digitalshadows.com/search/actor/4104
Arid Viper,https://portal-digitalshadows.com/search/actor/4989
Apophis Squad,https://portal-digitalshadows.com/search/actor/4976
Anonymous Florida,https://portal-digitalshadows.com/search/actor/1871
Pak Cyber Attackers,https://portal-digitalshadows.com/search/actor/2074
APT10,https://portal-digitalshadows.com/search/actor/4323
APT2,https://portal-digitalshadows.com/search/actor/4238
AnonOpsIndia,https://portal-digitalshadows.com/search/actor/2042
Anonymous Ukraine,https://portal-digitalshadows.com/search/actor/49
Anonymous Syria,https://portal-digitalshadows.com/search/actor/46
Syrian Electronic Army,https://portal-digitalshadows.com/search/actor/266
Binary Cyber Angels,https://portal-digitalshadows.com/search/actor/1619
Anonymous India,https://portal-digitalshadows.com/search/actor/28
Anonymous Russia,https://portal-digitalshadows.com/search/actor/2097
AlFeRoX,https://portal-digitalshadows.com/search/actor/2008
Dark Army,https://portal-digitalshadows.com/search/actor/3400
Anonymous Norge,https://portal-digitalshadows.com/search/actor/530
AnonVsilver,https://portal-digitalshadows.com/search/actor/529
Anonymous Sri Lanka,https://portal-digitalshadows.com/search/actor/2017
Anonymous Australia,https://portal-digitalshadows.com/search/actor/2009
Anonymous Austria,https://portal-digitalshadows.com/search/actor/16
Nigerian Cyber Army ,https://portal-digitalshadows.com/search/actor/2033
Anonymous Myanmar,https://portal-digitalshadows.com/search/actor/1869
Anonymous Palestine,https://portal-digitalshadows.com/search/actor/39
Anonymous Argentina,https://portal-digitalshadows.com/search/actor/7
Anonymous Algeria,https://portal-digitalshadows.com/search/actor/13
APT12,https://portal-digitalshadows.com/search/actor/5002
AnonPlus,https://portal-digitalshadows.com/search/actor/4755
Anonymous Brazil,https://portal-digitalshadows.com/search/actor/18
APT28,https://portal-digitalshadows.com/search/actor/2040
European Cyber Army,https://portal-digitalshadows.com/search/actor/68
Bangladesh Cyber Army,https://portal-digitalshadows.com/search/actor/1616
Polish Cyber Army,https://portal-digitalshadows.com/search/actor/1600
Anonymous Tibet,https://portal-digitalshadows.com/search/actor/47
Anonymous Sweden,https://portal-digitalshadows.com/search/actor/45
Al Rabitat Al Ansar,https://portal-digitalshadows.com/search/actor/2048
Anonymous Poland,https://portal-digitalshadows.com/search/actor/3994
Anonymous Belgium,https://portal-digitalshadows.com/search/actor/17
Anonymous Djibouti,https://portal-digitalshadows.com/search/actor/23
Anonymous Norway,https://portal-digitalshadows.com/search/actor/37
Anonymous Japan,https://portal-digitalshadows.com/search/actor/31
Pakistan Cyber Army,https://portal-digitalshadows.com/search/actor/252
Hamas Cyber Army,https://portal-digitalshadows.com/search/actor/1585
Saul Cyber Army,https://portal-digitalshadows.com/search/actor/1584
Greek Electronic Army,https://portal-digitalshadows.com/search/actor/2086
HUC and Red Hacker Alliance,https://portal-digitalshadows.com/search/actor/518
Arab Warriors Team,https://portal-digitalshadows.com/search/actor/1626
Ag3nt47,https://portal-digitalshadows.com/search/actor/3
Armada Collective,https://portal-digitalshadows.com/search/actor/2183
APT1,https://portal-digitalshadows.com/search/actor/515
APT33,https://portal-digitalshadows.com/search/actor/4547
APT39,https://portal-digitalshadows.com/search/actor/4807
APT29,https://portal-digitalshadows.com/search/actor/3196
APT40,https://portal-digitalshadows.com/search/actor/5094
APT17,https://portal-digitalshadows.com/search/actor/4549
APT27,https://portal-digitalshadows.com/search/actor/2096
SandWorm APT,https://portal-digitalshadows.com/search/actor/4024
Crackas With Attitude (CWA),https://portal-digitalshadows.com/search/actor/2204
APT3,https://portal-digitalshadows.com/search/actor/3960
APT15,https://portal-digitalshadows.com/search/actor/4497
APT37,https://portal-digitalshadows.com/search/actor/4779
Anonymous,https://portal-digitalshadows.com/search/actor/11
Security_511,https://portal-digitalshadows.com/search/actor/264
OpGreece,https://portal-digitalshadows.com/search/actor/1591
Consternation Security,https://portal-digitalshadows.com/search/actor/1590
Bozkurt Hackers,https://portal-digitalshadows.com/search/actor/3139
RootSecurity,https://portal-digitalshadows.com/search/actor/260
Shaltay Boltay,https://portal-digitalshadows.com/search/actor/1589
Jasmine,https://portal-digitalshadows.com/search/actor/4135
RedHack,https://portal-digitalshadows.com/search/actor/259
XMR-Squad,https://portal-digitalshadows.com/search/actor/4353
TehMaxHeadroom,https://portal-digitalshadows.com/search/actor/1606
DownSec Belgium,https://portal-digitalshadows.com/search/actor/2380
TA530,https://portal-digitalshadows.com/search/actor/4151
Team Maximizers,https://portal-digitalshadows.com/search/actor/270
0X2Taylor,https://portal-digitalshadows.com/search/actor/4054
DD4BC,https://portal-digitalshadows.com/search/actor/2039
FIN5,https://portal-digitalshadows.com/search/actor/2185
Laskala Hacker,https://portal-digitalshadows.com/search/actor/1852
Hacking Security Mx,https://portal-digitalshadows.com/search/actor/79
XFocus,https://portal-digitalshadows.com/search/actor/520
GaZaHaCHeR,https://portal-digitalshadows.com/search/actor/73
KDMS Team,https://portal-digitalshadows.com/search/actor/98
Greek Hacking Scene,https://portal-digitalshadows.com/search/actor/2088
Greek Hacking Team,https://portal-digitalshadows.com/search/actor/2087
Palestinian Hackers,https://portal-digitalshadows.com/search/actor/254
Palestine Elite Force,https://portal-digitalshadows.com/search/actor/253
LulzSecMafia,https://portal-digitalshadows.com/search/actor/1993
LulzSecRoot,https://portal-digitalshadows.com/search/actor/110
New World Hackers,https://portal-digitalshadows.com/search/actor/2324
LulzSecAustria,https://portal-digitalshadows.com/search/actor/108
Team Cyber Poison,https://portal-digitalshadows.com/search/actor/1877
Level Seven Crew,https://portal-digitalshadows.com/search/actor/105
Gator League,https://portal-digitalshadows.com/search/actor/1876
Blind Eagle,https://portal-digitalshadows.com/search/actor/5082
KittenCrew,https://portal-digitalshadows.com/search/actor/99
Russian Cyber Mafia,https://portal-digitalshadows.com/search/actor/2227
Mad HaTTer,https://portal-digitalshadows.com/search/actor/2006
Mormoroth,https://portal-digitalshadows.com/search/actor/119
Mauritania Hacker Team,https://portal-digitalshadows.com/search/actor/116
Sowbug,https://portal-digitalshadows.com/search/actor/4655
ChaosCrew,https://portal-digitalshadows.com/search/actor/60
Longhorn,https://portal-digitalshadows.com/search/actor/4558
Onion Dog,https://portal-digitalshadows.com/search/actor/5001
Islamic Cyber Resistance,https://portal-digitalshadows.com/search/actor/92
Impact Team,https://portal-digitalshadows.com/search/actor/2083
Inj3ct0r,https://portal-digitalshadows.com/search/actor/89
doubleflag,https://portal-digitalshadows.com/search/actor/3963
China,https://portal-digitalshadows.com/search/actor/2050
Naikon,https://portal-digitalshadows.com/search/actor/2136
NightLion,https://portal-digitalshadows.com/search/actor/5163
Cobalt Group,https://portal-digitalshadows.com/search/actor/4557
Buhtrap group,https://portal-digitalshadows.com/search/actor/2415
Sekhmet,https://portal-digitalshadows.com/search/actor/5167
Kimsuki,https://portal-digitalshadows.com/search/actor/5028
Nullcrew,https://portal-digitalshadows.com/search/actor/123
Sector404,https://portal-digitalshadows.com/search/actor/262
Rex Mundi,https://portal-digitalshadows.com/search/actor/1580
UKUncut,https://portal-digitalshadows.com/search/actor/283
Turk Hack Team,https://portal-digitalshadows.com/search/actor/282
Tunisian Hackers,https://portal-digitalshadows.com/search/actor/281
Turkish Crime Family,https://portal-digitalshadows.com/search/actor/4267
ChannelZeroYT,https://portal-digitalshadows.com/search/actor/59
TeamBerserk,https://portal-digitalshadows.com/search/actor/273
GCMAN,https://portal-digitalshadows.com/search/actor/2371
Fatal Error Crew,https://portal-digitalshadows.com/search/actor/70
The Reaper,https://portal-digitalshadows.com/search/actor/276
DeleteSec,https://portal-digitalshadows.com/search/actor/65
TIFA Team,https://portal-digitalshadows.com/search/actor/278
HellSec,https://portal-digitalshadows.com/search/actor/3329
MexicanH Team,https://portal-digitalshadows.com/search/actor/117
M3GAFAB,https://portal-digitalshadows.com/search/actor/113
K.,https://portal-digitalshadows.com/search/actor/2297
Hilf-Ol-Fozoul,https://portal-digitalshadows.com/search/actor/82
Lotus Blossom,https://portal-digitalshadows.com/search/actor/5062
NCPH,https://portal-digitalshadows.com/search/actor/522
Fancy Bears,https://portal-digitalshadows.com/search/actor/4783
United Cyber Caliphate,https://portal-digitalshadows.com/search/actor/1992
Group 123,https://portal-digitalshadows.com/search/actor/4760
Green Dragon Crew,https://portal-digitalshadows.com/search/actor/552
Blue Termite,https://portal-digitalshadows.com/search/actor/2100
Hell Shield Hackers,https://portal-digitalshadows.com/search/actor/2098
LegionOps,https://portal-digitalshadows.com/search/actor/104
LeakSec,https://portal-digitalshadows.com/search/actor/103
Karbala EW Crew,https://portal-digitalshadows.com/search/actor/2095
Latin Hack Team,https://portal-digitalshadows.com/search/actor/101
KJ-FIDO,https://portal-digitalshadows.com/search/actor/100
Hackers Chilenos,https://portal-digitalshadows.com/search/actor/78
Sykipot,https://portal-digitalshadows.com/search/actor/519
JKT48 Cyber Team,https://portal-digitalshadows.com/search/actor/96
N3twork,https://portal-digitalshadows.com/search/actor/1867
Izzah Hackers,https://portal-digitalshadows.com/search/actor/94
Occupy Sydney,https://portal-digitalshadows.com/search/actor/1864
Ukrainian Cyber Troops,https://portal-digitalshadows.com/search/actor/1863
Guardians of Peace,https://portal-digitalshadows.com/search/actor/1861
Indonesian Security Team,https://portal-digitalshadows.com/search/actor/88
Indonesian Security Down,https://portal-digitalshadows.com/search/actor/87
666_KingCobra,https://portal-digitalshadows.com/search/actor/4257
Peace of Mind,https://portal-digitalshadows.com/search/actor/2395
Berserk Bear,https://portal-digitalshadows.com/search/actor/4833
Cyber-Berkut,https://portal-digitalshadows.com/search/actor/62
ShinyHunters,https://portal-digitalshadows.com/search/actor/5152
Lazarus Group,https://portal-digitalshadows.com/search/actor/4243
Team Poison,https://portal-digitalshadows.com/search/actor/274
DarkHotel,https://portal-digitalshadows.com/search/actor/4623
MuddyWater,https://portal-digitalshadows.com/search/actor/4823
KELVIN SEC TEAM,https://portal-digitalshadows.com/search/actor/2045
Magecart,https://portal-digitalshadows.com/search/actor/4431
Energetic Bear,https://portal-digitalshadows.com/search/actor/3404
London Blue,https://portal-digitalshadows.com/search/actor/5122
Team GhostShell,https://portal-digitalshadows.com/search/actor/2070
CyberZeist,https://portal-digitalshadows.com/search/actor/4181
Lizard Squad,https://portal-digitalshadows.com/search/actor/1593
Thadeus Zu,https://portal-digitalshadows.com/search/actor/1618
XLTeam,https://portal-digitalshadows.com/search/actor/288
Bangladesh Grey Hat Hackers,https://portal-digitalshadows.com/search/actor/55
Russian CyberCommand,https://portal-digitalshadows.com/search/actor/1605
Sector404 Mexico,https://portal-digitalshadows.com/search/actor/263
MCA DDoS Team,https://portal-digitalshadows.com/search/actor/4027
Infectious Security,https://portal-digitalshadows.com/search/actor/2029
Israeli Elite Force,https://portal-digitalshadows.com/search/actor/1586
urharmless,https://portal-digitalshadows.com/search/actor/2357
1937CN Team,https://portal-digitalshadows.com/search/actor/3353
M4S73RM1ND,https://portal-digitalshadows.com/search/actor/1883
Monetization2015,https://portal-digitalshadows.com/search/actor/2103
XBlackerz,https://portal-digitalshadows.com/search/actor/286
Black Cats Team,https://portal-digitalshadows.com/search/actor/57
FibsFreitag,https://portal-digitalshadows.com/search/actor/2041
NathCr3w,https://portal-digitalshadows.com/search/actor/1602
Cyber Saudi,https://portal-digitalshadows.com/search/actor/2442
HTGz Team,https://portal-digitalshadows.com/search/actor/2105
CreepSec,https://portal-digitalshadows.com/search/actor/527
VenomSquad,https://portal-digitalshadows.com/search/actor/4392
Elderwood Group,https://portal-digitalshadows.com/search/actor/516
1x0123,https://portal-digitalshadows.com/search/actor/4083
NewbieEvilCodes,https://portal-digitalshadows.com/search/actor/546
Gantengers Crew,https://portal-digitalshadows.com/search/actor/544
Mr Hackintosh,https://portal-digitalshadows.com/search/actor/2092
DarkHydrus,https://portal-digitalshadows.com/search/actor/5081
LulzSecPeru,https://portal-digitalshadows.com/search/actor/109
Stealth Ravens,https://portal-digitalshadows.com/search/actor/4204
0daykalif,https://portal-digitalshadows.com/search/actor/3982
DotMy Crew,https://portal-digitalshadows.com/search/actor/548
HammurabisCode,https://portal-digitalshadows.com/search/actor/80
MoneyTaker,https://portal-digitalshadows.com/search/actor/4688
CthulhuSec,https://portal-digitalshadows.com/search/actor/2351
Fxmsp,https://portal-digitalshadows.com/search/actor/5205
thedarkoverlord,https://portal-digitalshadows.com/search/actor/3242
HugBunter,https://portal-digitalshadows.com/search/actor/5251
ScarCruft ,https://portal-digitalshadows.com/search/actor/3189
OurMine Team,https://portal-digitalshadows.com/search/actor/2090
Ghost Security Group,https://portal-digitalshadows.com/search/actor/2238
OceanLotus,https://portal-digitalshadows.com/search/actor/4384
FIN6,https://portal-digitalshadows.com/search/actor/4978
INDRIK SPIDER,https://portal-digitalshadows.com/search/actor/5037
Iran,https://portal-digitalshadows.com/search/actor/2049
Turla,https://portal-digitalshadows.com/search/actor/3942
Phineas Fisher,https://portal-digitalshadows.com/search/actor/3155
Paw Security,https://portal-digitalshadows.com/search/actor/1587
LulzSec,https://portal-digitalshadows.com/search/actor/106
Star Patrol,https://portal-digitalshadows.com/search/actor/4160
Team Root,https://portal-digitalshadows.com/search/actor/271
Team Khmer-Shadow,https://portal-digitalshadows.com/search/actor/269
Kadyrovtsy,https://portal-digitalshadows.com/search/actor/3145
PING,https://portal-digitalshadows.com/search/actor/2061
Dz Mafia,https://portal-digitalshadows.com/search/actor/67
RepKiller Team,https://portal-digitalshadows.com/search/actor/2390
XL3gi0n Hackers,https://portal-digitalshadows.com/search/actor/287
Operation Dust Storm,https://portal-digitalshadows.com/search/actor/2386
X3n0X Crew,https://portal-digitalshadows.com/search/actor/285
LulzSec Brazil,https://portal-digitalshadows.com/search/actor/107
Operation Hangover (Viceroy Tiger),https://portal-digitalshadows.com/search/actor/2428
Yugoslavian Business Network,https://portal-digitalshadows.com/search/actor/3977
Moroccan Team Hackers,https://portal-digitalshadows.com/search/actor/121
3301,https://portal-digitalshadows.com/search/actor/2089
Jih4dX,https://portal-digitalshadows.com/search/actor/95
GrenXPaRTa,https://portal-digitalshadows.com/search/actor/536
drozsqt,https://portal-digitalshadows.com/search/actor/4114
Kapustkiy,https://portal-digitalshadows.com/search/actor/4113
Tick,https://portal-digitalshadows.com/search/actor/4580
RussiaSecurity,https://portal-digitalshadows.com/search/actor/261
Hacker Brigade,https://portal-digitalshadows.com/search/actor/77
Russian Guardians,https://portal-digitalshadows.com/search/actor/2069
Hidden Lynx,https://portal-digitalshadows.com/search/actor/517
FTPSec,https://portal-digitalshadows.com/search/actor/72
FawkesSecurity,https://portal-digitalshadows.com/search/actor/71
Moroccan Islamic Union-Mail,https://portal-digitalshadows.com/search/actor/1621
KamiSecTeam,https://portal-digitalshadows.com/search/actor/97
Indonesian Fighter Cyber,https://portal-digitalshadows.com/search/actor/86
Vikingdom2015,https://portal-digitalshadows.com/search/actor/2032
Shadow Sec,https://portal-digitalshadows.com/search/actor/3241
MuhmadEmad,https://portal-digitalshadows.com/search/actor/4237
LulzSecurityCA,https://portal-digitalshadows.com/search/actor/112
1775Sec,https://portal-digitalshadows.com/search/actor/1
Union of UnderGround Myanmar Hackers ,https://portal-digitalshadows.com/search/actor/4539
Greenbug,https://portal-digitalshadows.com/search/actor/4466
LulzSecurity404,https://portal-digitalshadows.com/search/actor/111
vimproducts,https://portal-digitalshadows.com/search/actor/4101
HighTech Brazil HackTeam,https://portal-digitalshadows.com/search/actor/81
HaXoR ImAm,https://portal-digitalshadows.com/search/actor/2007
Derp Trolling,https://portal-digitalshadows.com/search/actor/66
Silence,https://portal-digitalshadows.com/search/actor/4963
Winnti Group,https://portal-digitalshadows.com/search/actor/2104
Gaza Cybergang,https://portal-digitalshadows.com/search/actor/4631
CopyKittens,https://portal-digitalshadows.com/search/actor/4327
Goblin Panda,https://portal-digitalshadows.com/search/actor/5080
Packrat,https://portal-digitalshadows.com/search/actor/2289
SuperExtremeShitPostingTeam,https://portal-digitalshadows.com/search/actor/2161
denis2363,https://portal-digitalshadows.com/search/actor/5220
Patchwork,https://portal-digitalshadows.com/search/actor/3319
BlackTech,https://portal-digitalshadows.com/search/actor/4460
Maze,https://portal-digitalshadows.com/search/actor/5160
Evil Corp,https://portal-digitalshadows.com/search/actor/5189
PoodleCorp,https://portal-digitalshadows.com/search/actor/3296
DarkVishnya,https://portal-digitalshadows.com/search/actor/5051
FIN4,https://portal-digitalshadows.com/search/actor/2062
Yan__EL,https://portal-digitalshadows.com/search/actor/290
Fallaga Team,https://portal-digitalshadows.com/search/actor/69
Cryptolulz666,https://portal-digitalshadows.com/search/actor/4164
North Korea, the Democratic People's Republic of,https://portal-digitalshadows.com/search/actor/2058
The Demons of Hack,https://portal-digitalshadows.com/search/actor/275
Black CyberSec Crew,https://portal-digitalshadows.com/search/actor/2046
Team Virus Mafia,https://portal-digitalshadows.com/search/actor/272
The Lulz King,https://portal-digitalshadows.com/search/actor/1596
Syrian Hackers Team,https://portal-digitalshadows.com/search/actor/267
Linker Squad,https://portal-digitalshadows.com/search/actor/2038
BDSFrance,https://portal-digitalshadows.com/search/actor/56
Hagash Team,https://portal-digitalshadows.com/search/actor/2047
Xploiters Crew,https://portal-digitalshadows.com/search/actor/289
BaseSquad,https://portal-digitalshadows.com/search/actor/1617
zHacking Team,https://portal-digitalshadows.com/search/actor/547
Driftingwind,https://portal-digitalshadows.com/search/actor/3975
Cyb3rSec Crew,https://portal-digitalshadows.com/search/actor/542
Volatile Cedar,https://portal-digitalshadows.com/search/actor/4990
Neon Blue Sec,https://portal-digitalshadows.com/search/actor/2011
Team System Dz,https://portal-digitalshadows.com/search/actor/2031
Tox - Viruses,https://portal-digitalshadows.com/search/actor/2056
Brazil Hack Team,https://portal-digitalshadows.com/search/actor/58
Tunisia Professional Security Team,https://portal-digitalshadows.com/search/actor/279
BestBuy,https://portal-digitalshadows.com/search/actor/4125
Minion Ghost,https://portal-digitalshadows.com/search/actor/4455
K3YHoL353C,https://portal-digitalshadows.com/search/actor/4341
CyberDispatchON,https://portal-digitalshadows.com/search/actor/63
CrashBandicot,https://portal-digitalshadows.com/search/actor/61
Parastoo,https://portal-digitalshadows.com/search/actor/255
Phr0zenM,https://portal-digitalshadows.com/search/actor/257
Poseidon Group,https://portal-digitalshadows.com/search/actor/2359
DarkWebGoons,https://portal-digitalshadows.com/search/actor/64
VPMZ,https://portal-digitalshadows.com/search/actor/284
Ghost Team,https://portal-digitalshadows.com/search/actor/74
KamiHaXor,https://portal-digitalshadows.com/search/actor/1865
Insane Security,https://portal-digitalshadows.com/search/actor/90
Morpho,https://portal-digitalshadows.com/search/actor/2080
Virus Iraq,https://portal-digitalshadows.com/search/actor/2078
Rocket Kitten,https://portal-digitalshadows.com/search/actor/4735
Evil Octal,https://portal-digitalshadows.com/search/actor/521
H4x0r HuSsY,https://portal-digitalshadows.com/search/actor/76
Guccifer,https://portal-digitalshadows.com/search/actor/75
Iranian Dark Coders,https://portal-digitalshadows.com/search/actor/91
Indian Hackers Online Squad,https://portal-digitalshadows.com/search/actor/83
The_Voice6667 ,https://portal-digitalshadows.com/search/actor/3182
Phantom Squad,https://portal-digitalshadows.com/search/actor/2296
w0rm,https://portal-digitalshadows.com/search/actor/1583
Tessa88,https://portal-digitalshadows.com/search/actor/3194
Moroccan Ghosts,https://portal-digitalshadows.com/search/actor/122
FIN8,https://portal-digitalshadows.com/search/actor/5050
Shadow Brokers,https://portal-digitalshadows.com/search/actor/4378
The Equation Group,https://portal-digitalshadows.com/search/actor/1999
Omnichorus,https://portal-digitalshadows.com/search/actor/5250
FIN7,https://portal-digitalshadows.com/search/actor/4416
JM511,https://portal-digitalshadows.com/search/actor/2093
DigitaShadow,https://portal-digitalshadows.com/search/actor/1880
TA505,https://portal-digitalshadows.com/search/actor/4937
Ghost Squad Hackers,https://portal-digitalshadows.com/search/actor/2449
Guccifer 2.0,https://portal-digitalshadows.com/search/actor/3970
UGNazi,https://portal-digitalshadows.com/search/actor/513
